Class,Accuracy
0,0.6108108108108108
1,0.9466437177280551
